<?xml version="1.0" encoding="UTF-8"?>
<project-private xmlns="http://www.netbeans.org/ns/project-private/1">
    <editor-bookmarks xmlns="http://www.netbeans.org/ns/editor-bookmarks/2" lastBookmarkId="0"/>
    <open-files xmlns="http://www.netbeans.org/ns/projectui-open-files/2">
        <group>
            <file>file:/D:/Usuarios/Maicon%20Dener/Projetos/Novos/sisvoto/routes/web.php</file>
            <file>file:/D:/Usuarios/Maicon%20Dener/Projetos/Novos/sisvoto/resources/views/painel/candidato/candidatoLista.blade.php</file>
            <file>file:/D:/Usuarios/Maicon%20Dener/Projetos/Novos/sisvoto/app/Http/Controllers/painel/candidato/CandidatoController.php</file>
            <file>file:/D:/Usuarios/Maicon%20Dener/Projetos/Novos/sisvoto/resources/views/painel/candidato/candidatoForm.blade.php</file>
        </group>
    </open-files>
</project-private>
